Feature,Average Success Rate
careful,0.7029236216712609
dexterous,0.7875523535130565
heavy,0.7688907470286215
