Feature,Average Success Rate
careful,0.5771233905332265
dexterous,0.7166893768791309
heavy,0.6971092760288002
